period,crude_oil_prod,tight_oil_prod,shale_gas_prod,gas_marketed_prod,active_rigs,new_wells_drilled,new_wells_completed,wells_drilled_per_rig,ducs,newwell_oil_prod,newwell_oil_per_rig,existing_oil_change,newwell_gas_prod,newwell_gas_per_rig,existing_gas_change,wti,completion_ratio,net_oil_change
2014-01-01,1.497230848,0.646,1.699,4.823950788,473.8,584.0,589.0,1.2326,665.0,87.20401659,0.188671607,-64.30391904,165.1840454,0.357386511,-104.7029377,94.617,1.009,22.900097549999998
2014-02-01,1.526783843,0.672,1.764,4.933684135,485.0,587.0,520.0,1.2103,732.0,89.90600308,0.190176633,-66.42448225,173.0928642,0.366140379,-96.50090173,100.817,0.886,23.481520830000008
2014-03-01,1.562602432,0.7,1.874,5.181540318,509.0,607.0,624.0,1.1925,715.0,92.75266224,0.195763323,-67.74407837,180.5181847,0.381000812,-86.86575059,100.804,1.028,25.00858387000001
2014-04-01,1.587548203,0.717,1.986,5.259273794,532.25,664.0,636.0,1.2475,743.0,96.74074976,0.199465463,-70.21263245,187.9668864,0.387560591,-81.39796507,102.069,0.958,26.52811731
2014-05-01,1.602087974,0.737,2.044,5.32142657,544.6,651.0,629.0,1.1954,765.0,100.8735386,0.19817984,-74.94139389,195.3106579,0.383714456,-92.08027847,102.177,0.966,25.932144710000003
2014-06-01,1.607278423,0.756,2.117,5.433557838,549.5,665.0,616.0,1.2102,814.0,105.0275061,0.197327395,-78.95892769,201.0342972,0.377706524,-110.210874,105.794,0.926,26.06857841
2014-07-01,1.657469529,0.8,2.2,5.587470337,555.5,614.0,602.0,1.1053,826.0,109.4602702,0.20099205,-81.68421283,208.112732,0.382138693,-128.2203116,103.588,0.98,27.77605736999999
2014-08-01,1.695540365,0.831,2.313,5.692879567,555.6,665.0,581.0,1.1969,910.0,114.2308714,0.207881477,-85.43669331,211.7451233,0.385341444,-146.9319748,96.535,0.874,28.794178090000003
2014-09-01,1.685305397,0.823,2.215,5.54418349,558.5,679.0,600.0,1.2158,989.0,117.9305257,0.212296176,-91.77969157,215.7111778,0.388318952,-174.3296528,93.212,0.884,26.150834130000007
2014-10-01,1.761910065,0.883,2.367,5.714662216,559.0,720.0,671.0,1.288,1038.0,119.4109739,0.214922559,-94.8922198,213.0123742,0.383391602,-185.5450985,84.397,0.932,24.518754099999995
2014-11-01,1.81803686,0.923,2.412,5.709741305,565.0,593.0,576.0,1.0496,1055.0,119.8138992,0.21452802,-93.83100308,207.9852372,0.372399708,-177.5453765,75.789,0.971,25.982896119999992
2014-12-01,1.829106277,0.932,2.456,5.787855688,543.8,660.0,579.0,1.2137,1136.0,120.4896289,0.215544953,-92.24237505,207.3342308,0.370902023,-158.7737338,59.29,0.877,28.247253849999993
2015-01-01,1.72653991,0.894,2.188,5.159707429,480.0,598.0,476.0,1.2458,1258.0,122.1549747,0.216203495,-93.87703652,203.1268818,0.359516605,-134.7139109,47.217,0.796,28.277938179999992
2015-02-01,1.839986136,0.959,2.402,5.682666725,374.5,522.0,398.0,1.3939,1382.0,123.0958625,0.226362381,-98.91347864,209.254672,0.384800794,-123.5384188,50.584,0.762,24.18238386
2015-03-01,1.917365471,1.031,2.575,5.801226992,306.25,410.0,446.0,1.3388,1346.0,122.1154197,0.254407124,-102.7835569,207.0389238,0.431331091,-114.6414477,47.823,1.088,19.33186280000001
2015-04-01,1.94195704,1.068,2.783,5.998163089,262.5,353.0,323.0,1.3448,1376.0,120.8318053,0.322648345,-103.0970546,207.9748653,0.555340094,-103.2881845,54.453,0.915,17.734750699999992
2015-05-01,1.935610965,1.077,2.899,6.073085057,234.0,285.0,342.0,1.2179,1319.0,120.7789344,0.322507168,-102.2102893,210.1833021,0.686312823,-95.80454966,59.265,1.2,18.568645099999998
2015-06-01,1.929919353,1.071,2.952,6.309847118,231.75,320.0,360.0,1.3808,1279.0,120.9385979,0.322933506,-104.5043,216.2127891,0.823667768,-109.0597461,59.819,1.125,16.434297900000004
2015-07-01,1.903228807,1.061,2.924,6.137213137,240.8,311.0,367.0,1.2915,1223.0,119.4796634,0.31903782,-109.4596595,211.6667258,0.904558657,-137.0725926,50.901,1.18,10.020003900000006
2015-08-01,1.941316574,1.111,3.059,6.276880959,253.75,350.0,324.0,1.3793,1249.0,115.8492295,0.309343737,-112.7623101,201.8376008,0.870928159,-171.1372885,42.867,0.926,3.0869194000000135
2015-09-01,1.96425343,1.129,3.099,6.422819736,250.5,336.0,291.0,1.3413,1294.0,111.9690013,0.298982647,-110.3192311,193.5295828,0.803694281,-197.9697999,45.479,0.866,1.649770200000006
2015-10-01,1.949805852,1.132,3.064,6.261112421,234.0,322.0,265.0,1.3761,1351.0,109.3805635,0.292070931,-106.0425552,180.6980877,0.71211069,-214.7461924,46.223,0.823,3.3380082999999985
2015-11-01,1.991059347,1.167,3.078,6.334841557,226.75,287.0,232.0,1.2657,1406.0,108.2363961,0.225492492,-99.87370074,173.6047352,0.693032875,-186.8065634,42.443,0.808,8.36269535999999
2015-12-01,1.873923148,1.093,2.796,5.863988701,211.8,271.0,238.0,1.2795,1439.0,105.7852503,0.282470628,-97.14190342,163.4019152,0.698298783,-181.9289688,37.189,0.878,8.643346879999996
2016-01-01,1.952837803,1.153,2.806,5.698527234,198.5,250.0,239.0,1.2594,1450.0,105.8304481,0.466727445,-96.72605801,156.7060353,0.691096076,-149.8311094,31.683,0.956,9.104390089999995
2016-02-01,1.994648648,1.19,2.996,6.088607594,171.0,200.0,220.0,1.1696,1430.0,106.3773196,0.502253633,-96.65052375,160.6954182,0.758713023,-135.1819081,30.323,1.1,9.726795850000002
2016-03-01,2.008729671,1.219,3.12,6.182623552,152.0,223.0,214.0,1.4671,1439.0,108.3971157,0.546081188,-95.78951361,164.6721952,0.829582847,-112.5626774,37.545,0.96,12.60760209
2016-04-01,2.012496483,1.232,3.21,6.35349194,139.2,190.0,218.0,1.3649,1411.0,110.6911802,0.647316843,-92.6097163,175.0865211,1.023897784,-73.9602809,40.754,1.147,18.081463900000003
2016-05-01,2.010861068,1.246,3.276,6.309759075,137.0,179.0,196.0,1.3066,1394.0,113.0941873,0.744040706,-96.03324478,182.0372523,1.197613502,-86.84701306,46.712,1.095,17.060942519999998
2016-06-01,2.020410493,1.266,3.375,6.471032432,145.0,200.0,224.0,1.3793,1370.0,115.3476842,0.828647157,-102.0606641,193.0723648,1.387014115,-105.35428,48.757,1.12,13.287020100000007
2016-07-01,2.052824558,1.302,3.498,6.657002223,162.2,201.0,191.0,1.2392,1380.0,115.5502161,0.843432234,-100.0558408,197.0199345,1.438101711,-126.5420402,44.651,0.95,15.494375300000002
2016-08-01,2.074672881,1.331,3.594,6.71664078,187.25,249.0,256.0,1.3298,1373.0,117.4606293,0.810073305,-100.402584,198.6754954,1.370175831,-147.2789483,44.724,1.028,17.05804529999999
2016-09-01,2.064541693,1.325,3.617,6.692874544,199.4,262.0,241.0,1.3139,1394.0,119.9029808,0.739229228,-100.3468666,201.5281588,1.24246707,-162.4741825,45.182,0.92,19.556114199999996
2016-10-01,2.115121074,1.356,3.687,6.742002745,205.75,284.0,237.0,1.3803,1441.0,122.0391291,0.651744347,-98.29231743,203.8137605,1.088458,-164.0549019,49.775,0.835,23.74681167
2016-11-01,2.13660383,1.366,3.635,6.74944459,222.25,315.0,270.0,1.4173,1486.0,125.1644986,0.62770561,-97.00241458,211.4270982,1.06031644,-163.0508076,45.661,0.857,28.162084019999995
2016-12-01,2.140311852,1.384,3.556,6.552271461,252.0,303.0,254.0,1.2024,1535.0,129.9286348,0.631487897,-97.68805622,219.1797161,1.06527201,-155.9189347,51.972,0.838,32.24057857999999
2017-01-01,2.167583203,1.408,3.665,6.683189325,275.75,367.0,260.0,1.3309,1642.0,137.1416304,0.617060204,-100.0155266,232.1202398,1.044410528,-147.0832343,52.504,0.708,37.126103799999996
2017-02-01,2.273814239,1.498,3.92,7.066911445,299.75,311.0,268.0,1.0375,1685.0,146.2823736,0.580485609,-105.1462032,250.3283753,0.993366569,-141.2405044,53.468,0.862,41.1361704
2017-03-01,2.291733732,1.532,4.033,7.327763733,310.2,408.0,329.0,1.3153,1764.0,154.5779975,0.560572974,-111.0113559,275.262086,0.998230593,-141.0191775,49.328,0.806,43.56664160000001
2017-04-01,2.3189274,1.566,4.136,7.465046053,337.0,417.0,355.0,1.2374,1826.0,162.3559235,0.541637777,-116.2596102,295.0215068,0.98422521,-141.8900621,51.06,0.851,46.09631329999999
2017-05-01,2.414379061,1.655,4.37,7.73072563,356.25,443.0,349.0,1.2435,1920.0,170.3469811,0.549152099,-120.5141085,309.3270805,0.997185946,-148.3598337,48.476,0.788,49.83287259999999
2017-06-01,2.43888004,1.694,4.467,7.664266981,366.0,398.0,322.0,1.0874,1996.0,180.161393,0.53460354,-124.0008091,325.055572,0.964556593,-161.2574032,45.178,0.809,56.160583900000006
2017-07-01,2.470363107,1.722,4.635,7.977075906,372.75,431.0,317.0,1.1563,2110.0,190.4814774,0.534684849,-127.2839662,345.7567365,0.970545225,-178.9807066,46.63,0.735,63.197511199999994
2017-08-01,2.519556752,1.768,4.706,8.390919967,376.5,518.0,375.0,1.3758,2252.0,201.4156348,0.550315942,-132.0544159,358.7529214,0.980199239,-200.1503738,48.037,0.724,69.36121889999998
2017-09-01,2.625777107,1.873,4.878,8.098962708,380.2,478.0,387.0,1.2572,2344.0,212.9074169,0.571180193,-141.1509233,371.5652798,0.996821676,-232.0634193,49.822,0.81,71.7564936
2017-10-01,2.763599132,2.011,5.214,8.603906088,380.5,510.0,434.0,1.3403,2420.0,223.3496277,0.593226103,-147.0530171,391.8158346,1.040679507,-249.5930021,51.578,0.851,76.29661060000001
2017-11-01,2.855926383,2.099,5.342,8.700226527,387.5,442.0,460.0,1.1406,2402.0,234.7166132,0.617350377,-149.1549787,404.9794229,1.065174705,-238.8938368,56.639,1.041,85.56163450000003
2017-12-01,2.913781694,2.154,5.361,8.553507885,397.6,492.0,390.0,1.2374,2504.0,246.7087615,0.648380451,-155.0679354,414.1890869,1.088538993,-224.2179757,57.881,0.793,91.6408261
2018-01-01,2.907105561,2.163,5.141,8.305166638,408.75,507.0,404.0,1.2404,2607.0,258.2463337,0.666442152,-167.5063348,421.9135691,1.088809211,-218.5623914,63.698,0.797,90.73999889999999
2018-02-01,3.079760586,2.31,5.579,9.042912612,432.0,525.0,469.0,1.2153,2663.0,268.3927628,0.6750321,-182.135886,446.1040561,1.121992093,-227.7543148,62.229,0.893,86.25687680000001
2018-03-01,3.239013777,2.468,5.904,9.435265319,437.8,532.0,525.0,1.2152,2670.0,277.8244854,0.679692931,-192.5720706,467.6158085,1.14401421,-226.6159394,62.725,0.987,85.25241480000003
2018-04-01,3.296662483,2.532,6.161,9.577031004,447.5,545.0,481.0,1.2179,2734.0,289.2191851,0.669488854,-198.3611636,485.1528242,1.123038945,-212.2488426,66.254,0.883,90.8580215
2018-05-01,3.314552107,2.564,6.339,9.834600779,465.25,569.0,505.0,1.223,2798.0,301.3625309,0.688356626,-204.0596665,519.5194937,1.186659419,-217.6247125,69.978,0.888,97.30286440000003
2018-06-01,3.41225747,2.68,6.566,10.02395205,474.8,575.0,511.0,1.211,2862.0,314.6054822,0.70302901,-214.9213421,546.783547,1.221862675,-251.6518123,67.873,0.889,99.68414009999998
2018-07-01,3.486938474,2.758,6.892,10.25136152,476.75,577.0,484.0,1.2103,2955.0,326.6718122,0.70214253,-228.9454941,565.3482361,1.215149352,-295.9757094,70.981,0.839,97.72631809999999
2018-08-01,3.671397161,2.923,7.281,10.77066754,484.4,583.0,528.0,1.2036,3010.0,336.1249541,0.707929558,-240.3007454,593.6729784,1.250364319,-331.658862,68.055,0.906,95.82420870000001
2018-09-01,3.75776219,2.996,7.448,11.15590289,485.25,606.0,504.0,1.2488,3112.0,341.3022299,0.715893508,-248.3485882,625.0833256,1.311134401,-357.9888793,70.231,0.832,92.95364169999999
2018-10-01,3.87083029,3.101,7.575,11.06634586,488.25,597.0,458.0,1.2227,3251.0,341.8490169,0.705716385,-255.0069752,616.5576595,1.272827538,-358.1080786,70.749,0.767,86.84204169999998
2018-11-01,3.95156331,3.18,7.808,11.65814589,490.0,590.0,478.0,1.2041,3363.0,340.5265554,0.70175488,-262.8011033,637.5408087,1.313839894,-383.8287825,56.963,0.81,77.72545209999998
2018-12-01,4.0101809,3.234,8.162,11.63642273,485.25,591.0,429.0,1.2179,3525.0,340.1334293,0.696637848,-270.9082562,599.5827196,1.228024003,-379.2285231,49.523,0.726,69.2251731
2019-01-01,3.986598371,3.213,8.253,11.95235942,484.75,609.0,490.0,1.2563,3644.0,341.8689618,0.697691759,-280.3455015,613.1852895,1.25139855,-398.6505458,51.376,0.805,61.52346030000001
2019-02-01,4.071323939,3.297,8.583,12.49888542,475.25,611.0,474.0,1.2856,3782.0,344.2719333,0.70947333,-288.2044857,621.0569101,1.279869985,-404.8458258,54.954,0.776,56.06744759999998
2019-03-01,4.112340139,3.354,8.712,12.75674133,461.2,602.0,518.0,1.3053,3865.0,347.388687,0.716634733,-293.5238607,630.510263,1.30069162,-407.6906717,58.151,0.86,53.864826300000004
2019-04-01,4.19419159,3.438,8.805,12.53266721,462.25,606.0,468.0,1.311,4003.0,354.2360856,0.745367881,-297.2214739,621.7549882,1.308269307,-391.342611,63.862,0.772,57.014611700000046
2019-05-01,4.271793239,3.526,9.153,13.12756336,454.6,593.0,538.0,1.3044,4058.0,365.6522376,0.792827922,-301.7696397,650.5135858,1.410480455,-395.4453704,60.827,0.907,63.88259789999995
2019-06-01,4.289661017,3.555,9.351,13.31223399,441.75,579.0,501.0,1.3107,4137.0,379.7656287,0.821558959,-308.5268949,673.0620974,1.456056457,-395.3862491,54.657,0.865,71.23873379999998
2019-07-01,4.352246994,3.628,9.595,13.65611829,440.75,569.0,521.0,1.291,4185.0,390.9772692,0.860046787,-314.7827648,693.6275389,1.52579749,-397.4723827,57.354,0.916,76.19450440000003
2019-08-01,4.478570687,3.744,10.064,14.44701566,438.0,547.0,472.0,1.2489,4260.0,397.3284949,0.89944198,-318.461858,715.5757466,1.619865867,-400.49828,54.805,0.863,78.8666369
2019-09-01,4.56288795,3.84,10.367,14.61647469,418.5,516.0,486.0,1.233,4290.0,401.232333,0.91033995,-322.829047,701.753272,1.592179857,-396.3263905,56.947,0.942,78.40328599999998
2019-10-01,4.642973848,3.917,10.489,14.78901125,417.75,508.0,530.0,1.216,4268.0,408.4719793,0.932584428,-326.8232073,713.5134424,1.629026124,-411.8643663,53.963,1.043,81.64877200000001
2019-11-01,4.775690523,4.047,10.783,15.23150609,407.8,491.0,459.0,1.204,4300.0,408.1090866,0.975171055,-341.2795116,718.7007389,1.717325541,-474.6792607,57.027,0.935,66.82957500000003
2019-12-01,4.811945052,4.063,10.925,15.37352443,402.0,480.0,424.0,1.194,4356.0,408.1970672,0.977132417,-352.9546702,723.1412404,1.731038278,-537.6961915,59.877,0.883,55.24239699999998
2020-01-01,4.844464354,4.114,11.396,16.65978851,401.6,478.0,478.0,1.1902,4357.0,386.1453735,0.946898905,-394.2489975,751.8237475,1.843608993,-716.639705,57.52,1.0,-8.103623999999968
2020-02-01,4.830499704,4.107,11.356,15.85251114,407.25,484.0,507.0,1.1885,4333.0,357.9028357,0.890305561,-403.8702807,663.6103776,1.650772084,-708.8772768,50.54,1.048,-45.967445
2020-03-01,4.916059611,4.198,11.669,16.07091903,404.75,480.0,504.0,1.1859,4310.0,326.5529784,0.813129926,-389.8237809,603.7555256,1.503375313,-656.0663055,29.21,1.05,-63.2708025
2020-04-01,4.616286339,3.975,11.157,16.21744953,299.0,356.0,279.0,1.1906,4387.0,293.1448788,0.71981554,-382.7336335,585.6514057,1.438063611,-676.5211096,16.55,0.784,-89.58875469999998
2020-05-01,3.96039761,3.433,10.02,13.99538144,180.4,215.0,88.0,1.1918,4514.0,259.2857698,0.640607214,-329.353866,492.4173019,1.216596175,-487.2264262,28.56,0.409,-70.06809619999996
2020-06-01,4.316663723,3.709,10.973,15.74768102,135.25,163.0,84.0,1.2052,4592.0,216.6307501,0.724517559,-295.3411099,433.9093426,1.451201815,-404.5854845,38.31,0.515,-78.71035979999999
2020-07-01,4.38082594,3.759,11.468,15.63843488,125.0,151.0,149.0,1.208,4594.0,215.3562305,1.193770679,-265.6043545,404.3112897,2.241193402,-347.3165708,40.71,0.987,-50.24812399999999
2020-08-01,4.331884804,3.704,11.658,16.01023163,122.75,151.0,233.0,1.2301,4512.0,209.4252179,1.548430447,-229.8126105,391.9067685,2.897647087,-283.3154376,42.34,1.543,-20.3873926
2020-09-01,4.33511034,3.715,11.738,16.45356614,124.25,155.0,286.0,1.2475,4381.0,216.3416291,1.730733033,-210.6845911,416.4525654,3.331620523,-283.7522349,39.63,1.845,5.657038
2020-10-01,4.380882927,3.766,11.678,15.98705986,132.8,168.0,319.0,1.2651,4230.0,230.984912,1.881750811,-232.3769489,431.7045889,3.516941661,-396.3378642,39.4,1.899,-1.3920368999999937
2020-11-01,4.413133323,3.797,11.78,16.07022562,154.5,197.0,323.0,1.2751,4104.0,248.2475477,1.997968191,-255.7453786,465.5604678,3.746965536,-507.3194812,40.94,1.64,-7.497830899999997
2020-12-01,4.382066217,3.767,11.612,15.90270297,170.8,221.0,309.0,1.2939,4016.0,266.3614302,2.005733661,-257.4339455,497.4034894,3.745508203,-506.0335779,47.02,1.398,8.92748469999998
2021-01-01,4.444985564,3.833,11.792,15.98037079,187.0,242.0,385.0,1.2941,3874.0,286.2017451,1.85243848,-254.7514661,521.6640318,3.376466225,-454.1965754,52.0,1.591,31.450278999999995
2021-02-01,3.676735517,3.167,9.618,13.06811399,203.25,266.0,275.0,1.3087,3864.0,305.902221,1.79099661,-260.4523383,552.1075616,3.232479869,-419.1686785,59.04,1.034,45.44988269999999
2021-03-01,4.614845096,4.004,11.906,16.32820682,215.0,282.0,475.0,1.3116,3671.0,322.3292526,1.723685843,-269.7333375,594.9758601,3.181689091,-415.0571599,62.33,1.684,52.59591510000001
2021-04-01,4.639179943,4.02,12.703,17.21376364,225.0,294.0,453.0,1.3067,3513.0,340.2790857,1.674189844,-271.4331801,617.5556855,3.038404357,-372.3692,61.72,1.541,68.84590559999998
2021-05-01,4.704149242,4.109,12.62,17.1739395,231.0,304.0,426.0,1.316,3391.0,357.9923951,1.665080908,-268.1324017,653.031294,3.037354856,-319.1731312,65.17,1.401,89.85999340000001
2021-06-01,4.739091459,4.137,12.745,17.20740748,235.25,313.0,408.0,1.3305,3295.0,375.6170492,1.669409108,-272.1386676,676.1499217,3.005110763,-294.1670121,71.38,1.304,103.47838159999998
2021-07-01,4.801335258,4.21,13.105,17.6867671,239.4,319.0,444.0,1.3325,3170.0,390.1573833,1.688993001,-291.4378193,705.7675633,3.055270837,-346.8608266,72.49,1.392,98.71956399999999
2021-08-01,4.929816295,4.323,13.247,17.93631787,246.25,327.0,439.0,1.3279,3058.0,397.0204258,1.687653245,-325.1372717,725.7404809,3.084975477,-472.442249,67.73,1.343,71.88315410000001
2021-09-01,4.999858356,4.382,13.411,18.37198836,255.75,342.0,441.0,1.3372,2960.0,394.3089553,1.64707166,-339.489914,737.7658103,3.081728531,-553.757163,71.65,1.289,54.81904129999998
2021-10-01,5.076289782,4.447,13.61,18.39289301,265.8,358.0,549.0,1.3469,2769.0,389.6315591,1.582260138,-343.9279062,729.141369,2.960980179,-574.0523753,81.48,1.534,45.70365290000001
2021-11-01,5.13741079,4.491,13.683,18.39713696,272.75,371.0,447.0,1.3602,2693.0,386.5555356,1.511458595,-343.570343,729.3989481,2.851999797,-574.8927641,79.15,1.205,42.985192600000005
2021-12-01,5.111665951,4.487,13.926,18.68262058,287.4,392.0,486.0,1.364,2599.0,387.0250299,1.456076109,-344.3357369,744.5265788,2.801078174,-568.6478208,71.71,1.24,42.68929300000002
2022-01-01,4.988747492,4.375,13.509,17.90544906,292.0,401.0,454.0,1.3733,2546.0,388.7460533,1.425283422,-350.1419943,759.60544,2.784987864,-567.5581969,83.22,1.132,38.60405900000001
2022-02-01,5.051857966,4.436,13.647,18.60157827,301.75,417.0,435.0,1.3819,2528.0,391.7265304,1.36300115,-358.3110323,777.972224,2.706931886,-588.0318506,91.64,1.043,33.41549809999998
2022-03-01,5.262943231,4.628,14.471,19.60105543,313.25,435.0,477.0,1.3887,2485.0,395.4432436,1.354257684,-361.3007305,786.621186,2.693908171,-594.2958594,108.5,1.097,34.14251310000003
2022-04-01,5.31690286,4.68,14.83,20.11496013,329.6,466.0,512.0,1.4138,2439.0,402.2500218,1.333057239,-357.3824725,794.2628012,2.632188239,-576.2404456,101.78,1.099,44.86754930000001
2022-05-01,5.279593723,4.66,14.847,19.80186567,336.75,477.0,503.0,1.4165,2413.0,412.1273196,1.315649863,-352.0449182,818.9659335,2.614416388,-558.2211959,109.55,1.055,60.08240140000004
2022-06-01,5.268316027,4.643,14.707,19.69967531,344.0,487.0,538.0,1.4157,2362.0,422.4570317,1.281726431,-353.5714157,831.6885134,2.5233268,-558.181279,114.84,1.105,68.88561600000003
2022-07-01,5.385582427,4.74,15.045,20.10821421,348.8,503.0,554.0,1.4421,2311.0,430.3300759,1.277891836,-363.5973039,836.0816053,2.482796155,-603.6384413,101.62,1.101,66.73277200000001
2022-08-01,5.488777506,4.843,15.287,20.59976536,346.25,498.0,564.0,1.4383,2245.0,436.0527265,1.267595135,-373.6545208,847.0042562,2.462221675,-669.886657,93.67,1.133,62.398205700000005
2022-09-01,5.63015387,4.984,15.731,21.28030413,342.6,503.0,523.0,1.4682,2224.0,439.304349,1.259473478,-375.4677263,854.961795,2.451151935,-695.500115,84.26,1.04,63.83662270000002
2022-10-01,5.677737848,5.027,15.781,21.09070032,345.75,508.0,585.0,1.4693,2148.0,440.6192564,1.272546589,-376.7670773,840.4092892,2.427174843,-673.2150463,87.55,1.152,63.8521791
2022-11-01,5.716947171,5.064,15.696,21.06095101,349.0,516.0,531.0,1.4785,2132.0,441.124081,1.287577586,-380.6815842,839.939215,2.451661457,-649.6345299,84.37,1.029,60.442496800000015
2022-12-01,5.701993949,5.06,15.606,21.00872228,350.0,521.0,506.0,1.4886,2147.0,441.2529534,1.276219677,-389.2573243,849.6058029,2.457283595,-644.3042531,76.44,0.971,51.99562910000003
2023-01-01,5.815424988,5.163,15.907,21.30884354,354.5,525.0,554.0,1.481,2118.0,439.6167035,1.259646715,-399.9764788,839.166158,2.404487559,-638.7737401,78.12,1.055,39.64022470000003
2023-02-01,5.740466738,5.106,15.914,21.26837848,352.75,525.0,449.0,1.4883,2194.0,437.8734463,1.25106699,-410.6901447,836.6268415,2.390362404,-647.2018097,76.83,0.855,27.183301599999993
2023-03-01,5.91175657,5.262,16.734,22.30759617,349.4,521.0,590.0,1.4911,2125.0,435.6322024,1.228863759,-414.4177345,832.9226927,2.34957036,-639.2004821,73.28,1.132,21.21446789999999
2023-04-01,5.902201049,5.266,16.902,22.5110196,355.5,529.0,542.0,1.488,2113.0,434.2501264,1.231042173,-412.9576756,830.0731303,2.353148491,-616.3713942,79.45,1.025,21.292450799999983
2023-05-01,5.866164807,5.244,16.909,22.60566327,349.25,521.0,561.0,1.4918,2072.0,436.0299308,1.247939126,-413.5433626,834.7572464,2.389116332,-611.9725274,71.58,1.077,22.486568199999965
2023-06-01,5.774968369,5.172,16.652,22.40258751,341.6,513.0,472.0,1.5018,2114.0,440.243117,1.238377263,-415.789406,840.887754,2.365366397,-635.021335,70.25,0.92,24.453711
2023-07-01,5.860538392,5.262,16.943,22.69977342,334.5,501.0,529.0,1.4978,2086.0,445.7420601,1.276283637,-415.1132288,845.5432202,2.421025684,-657.4439105,76.07,1.056,30.6288313
2023-08-01,5.953673893,5.354,17.369,23.26273537,324.25,486.0,522.0,1.4988,2049.0,448.675606,1.313453179,-411.4772028,843.4786788,2.469199879,-661.4800887,81.39,1.074,37.19840320000003
2023-09-01,5.94152548,5.346,17.522,23.35192144,318.0,476.0,477.0,1.4969,2049.0,447.8646985,1.338907918,-409.8903764,839.3713502,2.509331391,-661.0377641,89.43,1.002,37.974322099999995
2023-10-01,6.001252964,5.412,17.574,23.38802051,311.25,466.0,565.0,1.4972,1949.0,448.5894395,1.383467816,-403.9920781,843.5324946,2.601488033,-639.1182894,85.64,1.212,44.59736140000001
2023-11-01,6.185478475,5.58,17.934,23.92712176,310.5,468.0,453.0,1.5072,1964.0,443.6103872,1.395001218,-403.5926615,836.9029852,2.631770394,-640.445326,77.69,0.968,40.01772569999997
2023-12-01,6.227236053,5.609,18.275,24.48093264,310.6,468.0,454.0,1.5068,1978.0,442.2997717,1.421043443,-405.9655509,829.3863354,2.664695053,-652.1303378,71.9,0.97,36.334220800000026
2024-01-01,5.9480079,5.341,17.48,22.59695542,309.25,467.0,495.0,1.5101,1949.0,446.0240175,1.436470266,-410.0382853,852.5376858,2.74569303,-669.5306867,74.15,1.06,35.98573220000003
2024-02-01,6.185999178,5.553,18.184,23.68395313,312.5,472.0,551.0,1.5104,1870.0,451.0929076,1.452327455,-420.8528049,879.73237,2.832364359,-691.8037057,77.25,1.167,30.240102699999966
2024-03-01,6.247838464,5.627,18.588,24.05521084,315.0,476.0,517.0,1.5111,1830.0,456.0730869,1.474771502,-430.0374261,911.6806734,2.948037748,-700.8170682,81.28,1.086,26.035660800000016
2024-04-01,6.250262664,5.65,18.649,24.10201897,317.0,477.0,555.0,1.5047,1752.0,462.9821272,1.481542807,-430.6891618,947.2051114,3.031056356,-690.1418279,85.35,1.164,32.29296539999996
2024-05-01,6.264458149,5.671,18.62,24.28678653,312.8,473.0,524.0,1.5121,1701.0,466.264617,1.480205133,-427.89393,961.6149093,3.052745744,-666.2554668,80.02,1.108,38.370686999999975
2024-06-01,6.308667083,5.715,19.243,24.9598424,308.0,467.0,482.0,1.5162,1686.0,476.0492268,1.501732577,-435.8717731,996.4862874,3.143489866,-674.7497892,79.77,1.032,40.1774537
2024-07-01,6.319049323,5.724,19.549,25.3119424,304.75,463.0,592.0,1.5193,1557.0,470.2490536,1.503353752,-430.7582319,974.880688,3.116626241,-666.8871183,81.8,1.279,39.490821700000026
2024-08-01,6.438647386,5.846,19.991,25.74684842,304.2,465.0,532.0,1.5286,1490.0,464.9122111,1.509455231,-433.0089166,953.7094825,3.096459359,-665.2502345,76.68,1.144,31.90329449999996
2024-09-01,6.424055126,5.821,20.021,25.69825872,306.25,468.0,482.0,1.5282,1475.0,453.7656768,1.48897679,-432.9949296,917.0787897,3.009282329,-667.6984773,70.24,1.03,20.770747200000017
2024-10-01,6.516272313,5.909,20.466,26.28777553,304.0,468.0,526.0,1.5395,1417.0,442.3831889,1.454251114,-431.3424935,882.9227625,2.902441691,-685.68279,71.99,1.124,11.040695400000004
2024-11-01,6.513113488,5.906,20.351,26.12159507,303.0,469.0,512.0,1.5479,1374.0,435.7739249,1.422935265,-427.8936638,863.5710485,2.819823832,-707.8516761,69.95,1.092,7.880261099999984
2024-12-01,6.446748854,5.834,20.512,26.53084596,304.0,472.0,456.0,1.5526,1390.0,435.7510881,1.433391737,-427.486876,866.3332353,2.849780379,-721.1802273,70.12,0.966,8.264212100000009
2025-01-01,6.267037895,5.667,19.951,25.8656134,302.6,473.0,527.0,1.5631,1336.0,438.7831324,1.44812915,-431.8810585,880.9374587,2.907384352,-725.0722716,75.74,1.114,6.902073900000005
2025-02-01,6.356523699,5.763,20.353,26.25359514,304.0,479.0,524.0,1.5757,1291.0,444.4235622,1.461919613,-437.2248584,903.0261136,2.970480637,-724.0004255,71.53,1.094,7.198703799999976
2025-03-01,6.495038972,5.906,20.862,26.90295259,300.5,487.0,506.0,1.6206,1272.0,450.2340837,1.487885273,-437.0535679,925.544723,3.058640856,-706.9118262,68.24,1.039,13.180515799999966
2025-04-01,6.513277699,5.922,20.925,26.86164757,290.25,475.0,579.0,1.6365,1168.0,456.3173784,1.501044008,-430.0453715,951.1456969,3.12876874,-672.3967739,63.54,1.219,26.272006900000008
2025-05-01,6.507772496,5.919,21.471,26.87649226,282.2,472.0,492.0,1.6726,1148.0,462.8149366,1.540149539,-424.1256063,972.7123616,3.236979573,-656.9274232,62.17,1.042,38.689330299999995
2025-06-01,6.515732331,5.926,21.516,27.44590982,272.25,457.0,457.0,1.6786,1149.0,466.6107322,1.607616648,-423.5037347,982.843446,3.386196196,-683.8242353,68.17,1.0,43.10699749999998
2025-07-01,6.642495456,6.034,22.087,28.09928137,263.25,444.0,421.0,1.6866,1172.0,466.4578043,1.652933396,-427.617813,984.0725305,3.48714575,-722.1635418,68.39,0.948,38.83999130000001
2025-08-01,6.66541779,6.035,22.305,28.34933697,256.0,436.0,542.0,1.7031,1066.0,462.5210038,1.698883393,-433.8027777,980.8858785,3.602886606,-754.8718084,64.86,1.243,28.718226100000038
2025-09-01,6.714492408,6.072,22.375,28.48629962,253.75,434.0,487.0,1.7103,1012.0,454.3540696,1.725941385,-443.9456071,969.3973932,3.682421247,-796.0283813,63.96,1.122,10.408462499999985
2025-10-01,6.750376811,6.118,21.639,27.75974445,250.6,439.0,470.0,1.7518,982.0,445.2111756,1.739106155,-450.0002832,951.3326772,3.71614327,-814.2048314,60.89,1.071,-4.789107600000023
2025-11-01,6.760062212,6.142,22.329,28.68153881,252.25,444.0,525.0,1.7602,901.0,437.7889326,1.725276582,-453.7307433,933.0331558,3.676977954,-818.9232821,60.06,1.182,-15.941810699999962
2025-12-01,6.67140531,6.081,22.509,28.91912698,248.25,444.0,467.0,1.7885,878.0,433.9366219,1.73159067,-456.3802819,921.1720628,3.675866172,-817.9106063,57.97,1.052,-22.443660000000023
2026-01-01,6.362111001,5.756,21.443,27.92296452,244.2,440.0,432.0,1.8018,886.0,431.8648179,1.712050814,-458.7776818,912.5498415,3.6176406,-800.9338239,60.04,0.982,-26.91286389999999
2026-02-01,6.74858646,6.125,22.603,28.93248373,239.5,436.0,451.0,1.8205,871.0,430.5842136,1.734478202,-460.3982172,904.426915,3.643210131,-779.7748162,64.51,1.034,-29.814003599999978
2026-03-01,6.718287604,6.15,22.672,28.84765075,241.5,442.0,452.0,1.8302,861.0,432.0113103,1.769088085,-458.3953519,898.3121726,3.678592025,-765.2308156,91.38,1.023,-26.38404159999999
2026-04-01,6.819432393,6.165,22.906,28.96837335,242.0,444.0,475.0,1.8347,831.0,440.6923497,1.804636977,-461.5852785,904.9608601,3.705818428,-769.9549961,100.32,1.07,-20.892928799999993
2026-05-01,6.823423755,6.177,23.019,28.96428488,246.8,457.0,462.0,1.8517,826.0,449.661918,1.877502789,-466.8415345,912.8159912,3.811340256,-779.1899038,102.13,1.011,-17.17961650000001
2026-06-01,6.735286088,6.097,23.134,29.45638012,256.75,477.0,475.0,1.8578,828.0,459.2365397,1.901600579,-473.5213852,922.6749134,3.820600055,-791.6764435,84.81,0.996,-14.284845500000017
2026-07-01,6.75337689,6.204,23.193,29.56494646,258.8,484.0,484.0,1.8702,828.0,468.6884586,1.936729168,-481.2656462,933.2440491,3.856380368,-804.9690999,80.46,1.0,-12.577187600000002
2026-08-01,6.79001279,6.176,23.251,29.65626961,265.5,500.0,488.0,1.8832,839.0,478.6451452,1.939404964,-490.913796,944.54812,3.827180389,-818.9120008,83.9,0.976,-12.268650799999989
2026-09-01,6.834065554,,,29.69343155,,,,,,,,,,,,88.0,,
2026-10-01,6.84341534,,,29.70331723,,,,,,,,,,,,87.0,,
2026-11-01,6.868104866,,,29.79495856,,,,,,,,,,,,86.5,,
2026-12-01,6.887998863,,,29.99115633,,,,,,,,,,,,84.5,,
2027-01-01,6.869544268,,,29.80984683,,,,,,,,,,,,83.0,,
2027-02-01,6.95544268,,,30.22305925,,,,,,,,,,,,81.0,,
2027-03-01,7.00091871,,,30.7157843,,,,,,,,,,,,79.0,,
2027-04-01,7.03583526,,,30.96319057,,,,,,,,,,,,76.0,,
2027-05-01,7.070569161,,,31.21276197,,,,,,,,,,,,73.0,,
2027-06-01,7.103520228,,,31.45953397,,,,,,,,,,,,70.0,,
2027-07-01,7.134023137,,,31.70434641,,,,,,,,,,,,68.0,,
2027-08-01,7.161545921,,,31.9460196,,,,,,,,,,,,66.0,,
2027-09-01,7.186272942,,,32.18394035,,,,,,,,,,,,64.0,,
2027-10-01,7.207899359,,,32.41735831,,,,,,,,,,,,62.0,,
2027-11-01,7.224091995,,,32.64015681,,,,,,,,,,,,60.0,,
2027-12-01,7.235838597,,,32.85574427,,,,,,,,,,,,58.0,,
